scenario_id,review_hash,source_url,clause,pdf_page,anchor,question_1,question_2,guidance,decision,reviewer,reviewed_at,notes
appointments-01,fdc1a36602f707914391330a44bedc20fbacc8ef4054bb6ebd2a8b7bde8ff9ab,https://new.kenyalaw.org/akn/ke/act/2017/21/eng@2026-07-10/source,10(a),12,"the types, availability and cost",What should AfyaPlus staff in Kenya do when patients ask which services are available?,"At an AfyaPlus facility in Kenya, how should staff handle this: patients ask which services are available?",Use the facility's published service information to explain availability and any stated charges; do not invent prices.,approved,Wasaa Abdalla,2026-09-15,Reviewer confirmed in conversation that all pending cases were reviewed and approved; recorded on their explicit instruction.
appointments-02,e825c03f6d019409b77b3e9ed7fdd60df3bfbab5cf0654cf99ad86aa30f971a2,https://new.kenyalaw.org/akn/ke/act/2017/21/eng@2026-07-10/source,10(b),12,the organization of health services,What should AfyaPlus staff in Kenya do when patients ask how services are organized?,"At an AfyaPlus facility in Kenya, how should staff handle this: patients ask how services are organized?",Use the published organization of services to direct patients to the appropriate administrative service point.,approved,Wasaa Abdalla,2026-09-15,Reviewer confirmed in conversation that all pending cases were reviewed and approved; recorded on their explicit instruction.
appointments-03,5c287cfeaee399c4f46a597d887e8ef51dd361ebcc109a3c2790266b81318272,https://new.kenyalaw.org/akn/ke/act/2017/21/eng@2026-07-10/source,10(c),12,operating schedules and timetables of visits,What should AfyaPlus staff in Kenya do when a patient asks when to attend?,"At an AfyaPlus facility in Kenya, how should staff handle this: a patient asks when to attend?",Check the facility's published operating schedule and visiting timetable before communicating attendance information.,approved,Wasaa Abdalla,2026-09-15,Reviewer confirmed in conversation that all pending cases were reviewed and approved; recorded on their explicit instruction.
appointments-04,8b9c3664cbc9831d75db14fd97b3b65f4c900cd08ed6dadb62eeb1b27812aa04,https://new.kenyalaw.org/akn/ke/act/2017/21/eng@2026-07-10/source,10(d),12,procedures for access to the health services,What should AfyaPlus staff in Kenya do when a patient asks how to access a clinic?,"At an AfyaPlus facility in Kenya, how should staff handle this: a patient asks how to access a clinic?",Explain the facility's published access procedure rather than inventing a booking route or promising an unavailable slot.,approved,Wasaa Abdalla,2026-09-15,Reviewer confirmed in conversation that all pending cases were reviewed and approved; recorded on their explicit instruction.
appointments-05,357367832034a816c71a5b642109fdbf83ddfabe63606b1fd561f3a88701f4f9,https://new.kenyalaw.org/akn/ke/act/2017/21/eng@2026-07-10/source,10(f),12,the rights and duties of users and healthcare providers,What should AfyaPlus staff in Kenya do when patients ask about their responsibilities at a visit?,"At an AfyaPlus facility in Kenya, how should staff handle this: patients ask about their responsibilities at a visit?",Direct patients to the applicable service charter and published rights and duties for the facility.,approved,Wasaa Abdalla,2026-09-15,Reviewer confirmed in conversation that all pending cases were reviewed and approved; recorded on their explicit instruction.
appointments-06,4a9b869c1f6ce3f94043418d9b14b76c0e485c8d57e90dd98b650ec0520a5b8a,https://new.kenyalaw.org/akn/ke/act/2017/21/eng@2026-07-10/source,5(2),10,"treated with dignity, respect and have their privacy respected",What should AfyaPlus staff in Kenya do when a waiting-area interaction becomes disrespectful?,"At an AfyaPlus facility in Kenya, how should staff handle this: a waiting-area interaction becomes disrespectful?",Handle the interaction respectfully and protect the patient's privacy while arranging administrative assistance.,approved,Wasaa Abdalla,2026-09-15,Reviewer confirmed in conversation that all pending cases were reviewed and approved; recorded on their explicit instruction.
appointments-07,4a2ad448f2108dbaa7212a0fb689263ef66483adcd3034e01b8b8af29e1415bf,https://new.kenyalaw.org/akn/ke/act/2017/21/eng@2026-07-10/source,8(2),11,in a language that the user understands,What should AfyaPlus staff in Kenya do when a patient cannot understand information about a planned visit?,"At an AfyaPlus facility in Kenya, how should staff handle this: a patient cannot understand information about a planned visit?",Arrange for the healthcare provider to explain the information in an understandable language and manner appropriate to the patient's literacy.,approved,Wasaa Abdalla,2026-09-15,Reviewer confirmed in conversation that all pending cases were reviewed and approved; recorded on their explicit instruction.
appointments-08,fa3d304606366c1dad75d6d6b0f789981bcd5890694de9e02476fe9754ab2b38,https://new.kenyalaw.org/akn/ke/act/2017/21/eng@2026-07-10/source,8(1)(c),11,"benefits, risks, costs and consequences",What should AfyaPlus staff in Kenya do when patients ask reception to explain treatment options before booking?,"At an AfyaPlus facility in Kenya, how should staff handle this: patients ask reception to explain treatment options before booking?","Connect the patient with the healthcare provider for the benefits, risks, costs and consequences of the options; reception must not make clinical recommendations.",approved,Wasaa Abdalla,2026-09-15,Reviewer confirmed in conversation that all pending cases were reviewed and approved; recorded on their explicit instruction.
appointments-09,a60ecccd6bfc992fc2530fb0433f16e95a030f359d01c6b8b4311b1e26d1f980,https://new.kenyalaw.org/akn/ke/act/2017/21/eng@2026-07-10/source,13(a),13,adhere to the rules of a health facility,What should AfyaPlus staff in Kenya do when a patient asks which facility rules apply during attendance?,"At an AfyaPlus facility in Kenya, how should staff handle this: a patient asks which facility rules apply during attendance?",Point the patient to the facility's published rules for using its services and clarify administrative requirements without inventing restrictions.,approved,Wasaa Abdalla,2026-09-15,Reviewer confirmed in conversation that all pending cases were reviewed and approved; recorded on their explicit instruction.
appointments-10,82e83d7c8e5ebc98e3343e261a268ccb3de69d2c5223e1f88a07b998e11738f4,https://new.kenyalaw.org/akn/ke/act/ln/2021/263/eng@2022-12-31/source,4(1)(a),6,the identity of the data controller or data processor,What should AfyaPlus staff in Kenya do when a scheduling consent notice does not identify the organization?,"At an AfyaPlus facility in Kenya, how should staff handle this: a scheduling consent notice does not identify the organization?",Have the responsible data team identify the controller or processor in the notice before seeking consent for the scheduling-data use.,approved,Wasaa Abdalla,2026-09-15,Reviewer confirmed in conversation that all pending cases were reviewed and approved; recorded on their explicit instruction.
appointments-11,675e0ed20e4e2a137c6385b678e9ca9b5aaaf99ff03e481791a6b7a4f60f95ce,https://new.kenyalaw.org/akn/ke/act/ln/2021/263/eng@2022-12-31/source,4(1)(b),6,the purpose of each of the processing operations,What should AfyaPlus staff in Kenya do when one consent form covers several appointment-data uses?,"At an AfyaPlus facility in Kenya, how should staff handle this: one consent form covers several appointment-data uses?",Explain each processing purpose separately when consent is the basis for using appointment information.,approved,Wasaa Abdalla,2026-09-15,Reviewer confirmed in conversation that all pending cases were reviewed and approved; recorded on their explicit instruction.
appointments-12,1b2f2025c02119dd80f94234558870616023f8da6ae6394bf2f889ee0d7acc90,https://new.kenyalaw.org/akn/ke/act/ln/2021/263/eng@2022-12-31/source,4(1)(c),6,the type of personal data that is collected and used,What should AfyaPlus staff in Kenya do when a patient asks what appointment data consent covers?,"At an AfyaPlus facility in Kenya, how should staff handle this: a patient asks what appointment data consent covers?",Explain the types of personal data collected and used for the consent-based appointment process.,approved,Wasaa Abdalla,2026-09-15,Reviewer confirmed in conversation that all pending cases were reviewed and approved; recorded on their explicit instruction.
appointments-13,df7788b03186be2ea229038ea9bd787516577f09d7758cf2722950463e1feb1d,https://new.kenyalaw.org/akn/ke/act/ln/2021/263/eng@2022-12-31/source,4(1)(f),6,whether the personal data processed shall be shared with third parties,What should AfyaPlus staff in Kenya do when a scheduling consent notice omits third-party sharing?,"At an AfyaPlus facility in Kenya, how should staff handle this: a scheduling consent notice omits third-party sharing?",Include whether personal data will be shared with third parties before seeking consent for that processing.,approved,Wasaa Abdalla,2026-09-15,Reviewer confirmed in conversation that all pending cases were reviewed and approved; recorded on their explicit instruction.
appointments-14,c1ec9258ccda3f70bc45698479af7f8923d6e9ccca7de396f92fdd3b6e35924b,https://new.kenyalaw.org/akn/ke/act/ln/2021/263/eng@2022-12-31/source,4(1)(g),6,the right to withdraw consent,What should AfyaPlus staff in Kenya do when a patient asks whether appointment-data consent can be withdrawn?,"At an AfyaPlus facility in Kenya, how should staff handle this: a patient asks whether appointment-data consent can be withdrawn?",Explain the right to withdraw consent and route a withdrawal request to the team responsible for the relevant processing.,approved,Wasaa Abdalla,2026-09-15,Reviewer confirmed in conversation that all pending cases were reviewed and approved; recorded on their explicit instruction.
appointments-15,ea392c953a11a26df2d4087ef89ffbeaecbc49ad5eae3d14160f11657301874b,https://new.kenyalaw.org/akn/ke/act/ln/2021/263/eng@2022-12-31/source,4(1)(h),6,"the implications of providing, withholding or withdrawing consent",What should AfyaPlus staff in Kenya do when a patient is uncertain about giving optional scheduling-data consent?,"At an AfyaPlus facility in Kenya, how should staff handle this: a patient is uncertain about giving optional scheduling-data consent?","Explain the implications of giving, withholding or withdrawing that consent without pressuring the patient.",approved,Wasaa Abdalla,2026-09-15,Reviewer confirmed in conversation that all pending cases were reviewed and approved; recorded on their explicit instruction.
appointments-16,993c9fcdd43b229fec099b4cb1b6dee4089e2796f0743e25805c6a45ead976b9,https://new.kenyalaw.org/akn/ke/act/ln/2021/263/eng@2022-12-31/source,4(2),7,"written notice, oral statement, audio or video message",What should AfyaPlus staff in Kenya do when the team is choosing how to communicate a consent notice?,"At an AfyaPlus facility in Kenya, how should staff handle this: the team is choosing how to communicate a consent notice?","Use an accessible notice format; the regulations allow written, oral, audio or video communication of consent information.",approved,Wasaa Abdalla,2026-09-15,Reviewer confirmed in conversation that all pending cases were reviewed and approved; recorded on their explicit instruction.
appointments-17,13c6db7a552e3d852658fbb00757dfd22007a36bf5a8d87790cea65aec1e6301,https://new.kenyalaw.org/akn/ke/act/ln/2021/263/eng@2022-12-31/source,4(3)(a),7,data subject has capacity to give consent,What should AfyaPlus staff in Kenya do when a scheduler is unsure whether a person can give data-processing consent?,"At an AfyaPlus facility in Kenya, how should staff handle this: a scheduler is unsure whether a person can give data-processing consent?",Refer the capacity question to the responsible team before relying on consent; do not make a clinical capacity assessment at reception.,approved,Wasaa Abdalla,2026-09-15,Reviewer confirmed in conversation that all pending cases were reviewed and approved; recorded on their explicit instruction.
appointments-18,077d71be7e6ddc3b5b5bea0a3375031f77e4e4770b2b47b57fc4cd81c4dcf800,https://new.kenyalaw.org/akn/ke/act/ln/2021/263/eng@2022-12-31/source,4(3)(b),7,data subject voluntarily gives consent,What should AfyaPlus staff in Kenya do when patients feel pressured to agree to optional appointment-data use?,"At an AfyaPlus facility in Kenya, how should staff handle this: patients feel pressured to agree to optional appointment-data use?",Ensure consent is voluntary; refer pressure or coercion concerns to the responsible privacy team.,approved,Wasaa Abdalla,2026-09-15,Reviewer confirmed in conversation that all pending cases were reviewed and approved; recorded on their explicit instruction.
appointments-19,fcc0b3d4e31c6f6bbbe6dbd79a3e5a145e41f319502e26d374f64c57edccec6e,https://new.kenyalaw.org/akn/ke/act/ln/2021/263/eng@2022-12-31/source,4(3)(c),7,consent is specific to the purpose of processing,What should AfyaPlus staff in Kenya do when a scheduler wants to reuse general consent for a new task?,"At an AfyaPlus facility in Kenya, how should staff handle this: a scheduler wants to reuse general consent for a new task?",Confirm that consent specifically covers the proposed processing purpose before relying on it.,approved,Wasaa Abdalla,2026-09-15,Reviewer confirmed in conversation that all pending cases were reviewed and approved; recorded on their explicit instruction.
appointments-20,a0be50483015d77b6abac8fffa22c9fccdf1c910effab35c4e59c036ef402319,https://new.kenyalaw.org/akn/ke/act/ln/2021/263/eng@2022-12-31/source,4(4)(a),7,it is presumed on the basis that the data subject did not object,What should AfyaPlus staff in Kenya do when a scheduler treats silence as agreement to optional messaging?,"At an AfyaPlus facility in Kenya, how should staff handle this: a scheduler treats silence as agreement to optional messaging?",Do not presume consent merely because the patient did not object to the proposed processing.,approved,Wasaa Abdalla,2026-09-15,Reviewer confirmed in conversation that all pending cases were reviewed and approved; recorded on their explicit instruction.
appointments-21,763ce77ab4bb451a1a1e70dd6d29c40b741a493912769bd876a3c2d7c608c75d,https://new.kenyalaw.org/akn/ke/act/ln/2021/263/eng@2022-12-31/source,4(4)(b),7,it is presented as a non-negotiable part,What should AfyaPlus staff in Kenya do when a form makes optional data consent non-negotiable?,"At an AfyaPlus facility in Kenya, how should staff handle this: a form makes optional data consent non-negotiable?",Refer the form for correction; presenting consent as non-negotiable undermines freely given consent.,approved,Wasaa Abdalla,2026-09-15,Reviewer confirmed in conversation that all pending cases were reviewed and approved; recorded on their explicit instruction.
appointments-22,2e55b32eb0d2ddf4f0d9843f0512946e2f751043096feb6f09647dbdd5b28415,https://new.kenyalaw.org/akn/ke/act/ln/2021/263/eng@2022-12-31/source,4(4)(c),7,the data subject is unable to refuse or withdraw their consent without detriment,What should AfyaPlus staff in Kenya do when a patient fears a penalty for refusing optional data use?,"At an AfyaPlus facility in Kenya, how should staff handle this: a patient fears a penalty for refusing optional data use?",Escalate the consent design for review when refusal or withdrawal would cause detriment.,approved,Wasaa Abdalla,2026-09-15,Reviewer confirmed in conversation that all pending cases were reviewed and approved; recorded on their explicit instruction.
appointments-23,cc6d38ba267c1a245d1fed3064b421bc21bfb66772038c8758a5731e9eba36bb,https://new.kenyalaw.org/akn/ke/act/ln/2021/263/eng@2022-12-31/source,4(4)(d),7,merges several purposes for processing without seeking,What should AfyaPlus staff in Kenya do when scheduling and promotional purposes are bundled together?,"At an AfyaPlus facility in Kenya, how should staff handle this: scheduling and promotional purposes are bundled together?",Separate the processing purposes and seek specific consent for each purpose when relying on consent.,approved,Wasaa Abdalla,2026-09-15,Reviewer confirmed in conversation that all pending cases were reviewed and approved; recorded on their explicit instruction.
appointments-24,ecf4defbec4bd83872acd74d1e4b8391ec6dc692e1b32d0add0aa87af9f937b3,https://new.kenyalaw.org/akn/ke/act/ln/2021/263/eng@2022-12-31/source,4(4)(e),7,the intention of the data subject is ambiguous,What should AfyaPlus staff in Kenya do when a patient's reply about optional messages is unclear?,"At an AfyaPlus facility in Kenya, how should staff handle this: a patient's reply about optional messages is unclear?",Clarify the patient's intention before treating an ambiguous reply as consent.,approved,Wasaa Abdalla,2026-09-15,Reviewer confirmed in conversation that all pending cases were reviewed and approved; recorded on their explicit instruction.
appointments-25,1b527c26076321e9610305bbf13f6c240a06c5991cc13900bb1a7d4e5c833328,https://new.kenyalaw.org/akn/ke/act/ln/2021/263/eng@2022-12-31/source,4(5),7,restrict the part of the processing in respect of which consent is withdrawn,What should AfyaPlus staff in Kenya do when a patient withdraws consent to one optional appointment-data use?,"At an AfyaPlus facility in Kenya, how should staff handle this: a patient withdraws consent to one optional appointment-data use?","Route the withdrawal for restriction of the affected processing, subject to the applicable statutory exceptions; do not assume all healthcare records must be deleted.",approved,Wasaa Abdalla,2026-09-15,Reviewer confirmed in conversation that all pending cases were reviewed and approved; recorded on their explicit instruction.
registration-01,3cd8028897530cb4c98ef6785e6a433e63e8c1d3ae0593b3635fe9738406e1f3,https://new.kenyalaw.org/akn/ke/act/2019/24/eng@2022-12-31/source,25(a),14,processed in accordance with the right to privacy,What should AfyaPlus staff in Kenya do when a registration process exposes personal details unnecessarily?,"At an AfyaPlus facility in Kenya, how should staff handle this: a registration process exposes personal details unnecessarily?",Arrange registration in a way that respects the patient's privacy and refer the exposure for correction.,approved,Wasaa Abdalla,2026-09-15,Reviewer confirmed in conversation that all pending cases were reviewed and approved; recorded on their explicit instruction.
registration-02,de248ae26ffd585f72826fdb8c3329ce8f9fdb45e38a5d1204a3570d37d615ed,https://new.kenyalaw.org/akn/ke/act/2019/24/eng@2022-12-31/source,25(b),14,"processed lawfully, fairly and in a transparent manner",What should AfyaPlus staff in Kenya do when a registration practice is unclear to patients?,"At an AfyaPlus facility in Kenya, how should staff handle this: a registration practice is unclear to patients?","Have the responsible team ensure that the processing is lawful, fair and transparent to patients.",approved,Wasaa Abdalla,2026-09-15,Reviewer confirmed in conversation that all pending cases were reviewed and approved; recorded on their explicit instruction.
registration-03,c8d3002498b65f36826388fdda92a3104e285a66770546cd251551fca10fdcc7,https://new.kenyalaw.org/akn/ke/act/2019/24/eng@2022-12-31/source,25(c),14,"collected for explicit, specified and legitimate purposes",What should AfyaPlus staff in Kenya do when a new registration field has no defined purpose?,"At an AfyaPlus facility in Kenya, how should staff handle this: a new registration field has no defined purpose?",Ask the data owner to define a specific legitimate purpose before collecting the additional information.,approved,Wasaa Abdalla,2026-09-15,Reviewer confirmed in conversation that all pending cases were reviewed and approved; recorded on their explicit instruction.
registration-04,684315b3ff0ebb94451ec33ebb55782ed5b623b26ea7de4313eb6416c3dc3a54,https://new.kenyalaw.org/akn/ke/act/2019/24/eng@2022-12-31/source,25(d),14,"adequate, relevant, limited to what is necessary",What should AfyaPlus staff in Kenya do when a registration form requests excessive information?,"At an AfyaPlus facility in Kenya, how should staff handle this: a registration form requests excessive information?",Limit collection to information necessary and relevant to the stated registration purpose.,approved,Wasaa Abdalla,2026-09-15,Reviewer confirmed in conversation that all pending cases were reviewed and approved; recorded on their explicit instruction.
registration-05,3f7488cca989c2f67b3a37a4548399ed15bdfe3ab57ef87a2720b959ac6880ee,https://new.kenyalaw.org/akn/ke/act/2019/24/eng@2022-12-31/source,25(e),14,valid explanation is provided whenever information relating to family,What should AfyaPlus staff in Kenya do when a form asks about private family affairs?,"At an AfyaPlus facility in Kenya, how should staff handle this: a form asks about private family affairs?",Provide a valid explanation for requiring family or private information and refer unnecessary questions for removal.,approved,Wasaa Abdalla,2026-09-15,Reviewer confirmed in conversation that all pending cases were reviewed and approved; recorded on their explicit instruction.
registration-06,75cb150d4b2f11066eb3aac105ab8aa19a85ab95332c2e30f62176ef695cb6fb,https://new.kenyalaw.org/akn/ke/act/2019/24/eng@2022-12-31/source,25(f),14,"accurate and, where necessary, kept up to date",What should AfyaPlus staff in Kenya do when a patient reports outdated registration details?,"At an AfyaPlus facility in Kenya, how should staff handle this: a patient reports outdated registration details?",Route the correction promptly so the responsible records team keeps personal information accurate and up to date.,approved,Wasaa Abdalla,2026-09-15,Reviewer confirmed in conversation that all pending cases were reviewed and approved; recorded on their explicit instruction.
registration-07,fc9f3bb399c4c891eb80f489fbd0d1cf35ec9fd27829f5b80dcfc1d80faf52ee,https://new.kenyalaw.org/akn/ke/act/2019/24/eng@2022-12-31/source,25(g),14,no longer than is necessary for the purposes,What should AfyaPlus staff in Kenya do when the team proposes keeping identifiable registration data forever?,"At an AfyaPlus facility in Kenya, how should staff handle this: the team proposes keeping identifiable registration data forever?",Apply the approved purpose-based retention process rather than indefinite retention by default.,approved,Wasaa Abdalla,2026-09-15,Reviewer confirmed in conversation that all pending cases were reviewed and approved; recorded on their explicit instruction.
registration-08,77a5f23285dee98522c2a58120073fbebf3d95970b72f1794936f7fef214e26f,https://new.kenyalaw.org/akn/ke/act/2019/24/eng@2022-12-31/source,26(a),15,to be informed of the use to which their personal data,What should AfyaPlus staff in Kenya do when a patient asks why registration information is used?,"At an AfyaPlus facility in Kenya, how should staff handle this: a patient asks why registration information is used?",Explain the intended uses of the patient's personal data or connect them with the responsible data team.,approved,Wasaa Abdalla,2026-09-15,Reviewer confirmed in conversation that all pending cases were reviewed and approved; recorded on their explicit instruction.
registration-09,f7f7826a69b5f731ddafd5cf1cbd4fecd2f5b4128adb7beea0ce06bd42219a7a,https://new.kenyalaw.org/akn/ke/act/2019/24/eng@2022-12-31/source,26(b),15,to access their personal data in custody,What should AfyaPlus staff in Kenya do when a patient wants access to their registration record?,"At an AfyaPlus facility in Kenya, how should staff handle this: a patient wants access to their registration record?",Route the request through the facility's data-access process rather than dismissing the patient's access right.,approved,Wasaa Abdalla,2026-09-15,Reviewer confirmed in conversation that all pending cases were reviewed and approved; recorded on their explicit instruction.
registration-10,93564c0f4340129f880bc665ab8b5979b8d829c7cc334585d9841b2419961563,https://new.kenyalaw.org/akn/ke/act/2019/24/eng@2022-12-31/source,26(c),15,to object to the processing of all or part,What should AfyaPlus staff in Kenya do when a patient objects to a registration-data use?,"At an AfyaPlus facility in Kenya, how should staff handle this: a patient objects to a registration-data use?",Record and route the objection to the responsible data team for assessment under the applicable process.,approved,Wasaa Abdalla,2026-09-15,Reviewer confirmed in conversation that all pending cases were reviewed and approved; recorded on their explicit instruction.
registration-11,661fc47d60f423a7762e9e1e59e3946e2ab18c143a42f468afa53b3ee2fdd6e2,https://new.kenyalaw.org/akn/ke/act/2019/24/eng@2022-12-31/source,26(d),15,to correction of false or misleading data,What should AfyaPlus staff in Kenya do when a patient identifies misleading information in their record?,"At an AfyaPlus facility in Kenya, how should staff handle this: a patient identifies misleading information in their record?",Help the patient submit a correction request to the responsible records team.,approved,Wasaa Abdalla,2026-09-15,Reviewer confirmed in conversation that all pending cases were reviewed and approved; recorded on their explicit instruction.
registration-12,a22bf5fe875b357973fd056454cff143db202dae1f27314ab5727d6ec124d730,https://new.kenyalaw.org/akn/ke/act/2019/24/eng@2022-12-31/source,26(e),15,to deletion of false or misleading data about them,What should AfyaPlus staff in Kenya do when a patient asks to delete false information?,"At an AfyaPlus facility in Kenya, how should staff handle this: a patient asks to delete false information?",Route the deletion request to the responsible data team; do not promise unrestricted deletion of the entire health record.,approved,Wasaa Abdalla,2026-09-15,Reviewer confirmed in conversation that all pending cases were reviewed and approved; recorded on their explicit instruction.
registration-13,7295c16cf625e7b16e70628b4e9acfad6de006850a4f24ad9ac2ae11b35cdd61,https://new.kenyalaw.org/akn/ke/act/2019/24/eng@2022-12-31/source,27(a),15,where the data subject is a minor,What should AfyaPlus staff in Kenya do when a guardian seeks to exercise a child's data rights?,"At an AfyaPlus facility in Kenya, how should staff handle this: a guardian seeks to exercise a child's data rights?",Use the representative-rights process to establish parental authority or guardianship before handling the child's request.,approved,Wasaa Abdalla,2026-09-15,Reviewer confirmed in conversation that all pending cases were reviewed and approved; recorded on their explicit instruction.
registration-14,7ae664a6ab46c2d8fe264813028c8cf72149310c2539fd8678714fdf74cde871,https://new.kenyalaw.org/akn/ke/act/2019/24/eng@2022-12-31/source,27(b),15,person duly authorised to act as their guardian or administrator,What should AfyaPlus staff in Kenya do when a representative requests records for a person with a disability?,"At an AfyaPlus facility in Kenya, how should staff handle this: a representative requests records for a person with a disability?",Establish the representative's authority as guardian or administrator through the responsible team; do not assume disability alone removes the person's rights.,approved,Wasaa Abdalla,2026-09-15,Reviewer confirmed in conversation that all pending cases were reviewed and approved; recorded on their explicit instruction.
registration-15,254aae9bdeab83d8bd2fbc480263927a48944249f79eb587994aa2064a3e9c5d,https://new.kenyalaw.org/akn/ke/act/2019/24/eng@2022-12-31/source,27(c),15,person duly authorised by the data subject,What should AfyaPlus staff in Kenya do when a patient appoints someone to make a data-rights request?,"At an AfyaPlus facility in Kenya, how should staff handle this: a patient appoints someone to make a data-rights request?",Verify the representative's authorization through the facility's process before handling the request on the patient's behalf.,approved,Wasaa Abdalla,2026-09-15,Reviewer confirmed in conversation that all pending cases were reviewed and approved; recorded on their explicit instruction.
registration-16,171fd83d25d7ffd886a5587d6a8faaf22ab8302de82438d87a744c24f19498b9,https://new.kenyalaw.org/akn/ke/act/2019/24/eng@2022-12-31/source,28(1),15,collect personal data directly from the data subject,What should AfyaPlus staff in Kenya do when a registrar chooses where to obtain patient information?,"At an AfyaPlus facility in Kenya, how should staff handle this: a registrar chooses where to obtain patient information?",Collect information directly from the patient as the default; refer proposed exceptions for assessment rather than assuming indirect collection is always permitted.,approved,Wasaa Abdalla,2026-09-15,Reviewer confirmed in conversation that all pending cases were reviewed and approved; recorded on their explicit instruction.
registration-17,a759a5b5467519d9f6a84be3969f4e1a7ebb594853c3d72136120b03aab370f6,https://new.kenyalaw.org/akn/ke/act/2019/24/eng@2022-12-31/source,28(2)(c),15,consented to the collection from another source,What should AfyaPlus staff in Kenya do when a registrar proposes obtaining information from another source with consent?,"At an AfyaPlus facility in Kenya, how should staff handle this: a registrar proposes obtaining information from another source with consent?",Confirm the patient's consent covers collection from that source and use the approved collection process.,approved,Wasaa Abdalla,2026-09-15,Reviewer confirmed in conversation that all pending cases were reviewed and approved; recorded on their explicit instruction.
registration-18,cbc97ed643d5f22f323513f9c5cc7b0cac805ee0749d2cdf8b68271a247858a8,https://new.kenyalaw.org/akn/ke/act/2019/24/eng@2022-12-31/source,29(a),15,the rights of data subject specified under section 26,What should AfyaPlus staff in Kenya do when a registration notice omits patient data rights?,"At an AfyaPlus facility in Kenya, how should staff handle this: a registration notice omits patient data rights?",Include information about the patient's data rights in the pre-collection notice where practicable.,approved,Wasaa Abdalla,2026-09-15,Reviewer confirmed in conversation that all pending cases were reviewed and approved; recorded on their explicit instruction.
registration-19,96b7d45e60c7b3d9f4f0272e44c07d3562dbb16401103452968011ecebd80764,https://new.kenyalaw.org/akn/ke/act/2019/24/eng@2022-12-31/source,29(b),15,the fact that personal data is being collected,What should AfyaPlus staff in Kenya do when a registration process silently collects personal information?,"At an AfyaPlus facility in Kenya, how should staff handle this: a registration process silently collects personal information?",Make the collection apparent to the patient before collecting the information where practicable.,approved,Wasaa Abdalla,2026-09-15,Reviewer confirmed in conversation that all pending cases were reviewed and approved; recorded on their explicit instruction.
registration-20,e625a7118ff79bdcb075fea93d1ef3e36e10ec66ad670ed6cb2261f1fdbcdf70,https://new.kenyalaw.org/akn/ke/act/2019/24/eng@2022-12-31/source,29(c),15,the purpose for which the personal data is being collected,What should AfyaPlus staff in Kenya do when a patient asks the purpose of a registration request?,"At an AfyaPlus facility in Kenya, how should staff handle this: a patient asks the purpose of a registration request?",Explain the collection purpose before collecting the requested information where practicable.,approved,Wasaa Abdalla,2026-09-15,Reviewer confirmed in conversation that all pending cases were reviewed and approved; recorded on their explicit instruction.
registration-21,16378f71da1ca645d45c7e7d214301615cab65445e74208d6a1dd7eac8cf37ff,https://new.kenyalaw.org/akn/ke/act/2019/24/eng@2022-12-31/source,29(d),16,the third parties whose personal data has been or will be transferred,What should AfyaPlus staff in Kenya do when a registration notice leaves out recipients and safeguards?,"At an AfyaPlus facility in Kenya, how should staff handle this: a registration notice leaves out recipients and safeguards?",Have the responsible team include the relevant third-party transfer information and safeguards in the notice.,approved,Wasaa Abdalla,2026-09-15,Reviewer confirmed in conversation that all pending cases were reviewed and approved; recorded on their explicit instruction.
registration-22,c6f77cdcbec6b9cf8a1dd37c05adf8dd9f0b5fbade454c3e1d63031694cb42a9,https://new.kenyalaw.org/akn/ke/act/2019/24/eng@2022-12-31/source,29(e),16,the contacts of the data controller or data processor,What should AfyaPlus staff in Kenya do when a patient cannot identify whom to contact about registration data?,"At an AfyaPlus facility in Kenya, how should staff handle this: a patient cannot identify whom to contact about registration data?",Provide the responsible controller or processor contact information and explain whether another entity may receive the data.,approved,Wasaa Abdalla,2026-09-15,Reviewer confirmed in conversation that all pending cases were reviewed and approved; recorded on their explicit instruction.
registration-23,8e2228f0f0fba065222df8a428065138d7391ca9db5d914adb95bfc60a5f4556,https://new.kenyalaw.org/akn/ke/act/2019/24/eng@2022-12-31/source,29(f),16,a description of the technical and organizational security measures,What should AfyaPlus staff in Kenya do when a patient asks how collected registration information is protected?,"At an AfyaPlus facility in Kenya, how should staff handle this: a patient asks how collected registration information is protected?",Provide the approved description of organizational and technical safeguards rather than inventing security guarantees.,approved,Wasaa Abdalla,2026-09-15,Reviewer confirmed in conversation that all pending cases were reviewed and approved; recorded on their explicit instruction.
registration-24,cf4f6a95dc93f87ab1540d50b9700404ea2fd4f4f5ccf81a75fda46ea4b7b9ef,https://new.kenyalaw.org/akn/ke/act/2019/24/eng@2022-12-31/source,29(g),16,whether such collection is voluntary or mandatory,What should AfyaPlus staff in Kenya do when a patient asks whether a registration field is compulsory?,"At an AfyaPlus facility in Kenya, how should staff handle this: a patient asks whether a registration field is compulsory?",Explain the applicable basis and whether collection is voluntary or mandatory; refer uncertain requirements to the responsible team.,approved,Wasaa Abdalla,2026-09-15,Reviewer confirmed in conversation that all pending cases were reviewed and approved; recorded on their explicit instruction.
registration-25,3d794bc9e9776f957621cd061e4d374e635316cf0024802269ee4086fd050734,https://new.kenyalaw.org/akn/ke/act/2019/24/eng@2022-12-31/source,29(h),16,"the consequences if any, where the data subject fails to provide",What should AfyaPlus staff in Kenya do when a patient asks what happens if information is not supplied?,"At an AfyaPlus facility in Kenya, how should staff handle this: a patient asks what happens if information is not supplied?",Explain the documented consequences of not supplying the requested information rather than inventing penalties or denying care automatically.,approved,Wasaa Abdalla,2026-09-15,Reviewer confirmed in conversation that all pending cases were reviewed and approved; recorded on their explicit instruction.
access-01,52b726c88613dfecdaace62655cbe4689fec04cb8fedde26d1b0184bc4bd69a8,https://new.kenyalaw.org/akn/ke/act/2019/24/eng@2022-12-31/source,41(1)(a),20,implement the data protection principles in an effective manner,What should AfyaPlus staff in Kenya do when a system is being designed to handle patient information?,"At an AfyaPlus facility in Kenya, how should staff handle this: a system is being designed to handle patient information?",Include effective data-protection measures in the system design and refer the design to the responsible data team.,approved,Wasaa Abdalla,2026-09-15,Reviewer confirmed in conversation that all pending cases were reviewed and approved; recorded on their explicit instruction.
access-02,0bfc5436bed37fe0519c9ae253e4ac4ce0f09390c88b595a02d746a44b31e337,https://new.kenyalaw.org/akn/ke/act/2019/24/eng@2022-12-31/source,41(1)(b),20,integrate necessary safeguards for that purpose into the processing,What should AfyaPlus staff in Kenya do when a workflow adds a new patient-data processing step?,"At an AfyaPlus facility in Kenya, how should staff handle this: a workflow adds a new patient-data processing step?",Integrate the necessary safeguards into the processing step rather than adding them only after deployment.,approved,Wasaa Abdalla,2026-09-15,Reviewer confirmed in conversation that all pending cases were reviewed and approved; recorded on their explicit instruction.
access-03,7200a7250795a57a2ea7dd2e39c16efc28422529e8058591969f1b424a44302d,https://new.kenyalaw.org/akn/ke/act/2019/24/eng@2022-12-31/source,41(2),20,both at the time of the determination of the means,What should AfyaPlus staff in Kenya do when a team plans to review privacy only after launch?,"At an AfyaPlus facility in Kenya, how should staff handle this: a team plans to review privacy only after launch?",Review safeguards when choosing how to process data and while the processing operates.,approved,Wasaa Abdalla,2026-09-15,Reviewer confirmed in conversation that all pending cases were reviewed and approved; recorded on their explicit instruction.
access-04,ff3345ac8ad77230539cdfc2bfeafe002421fc70044bb29b46afe6c22839b95d,https://new.kenyalaw.org/akn/ke/act/2019/24/eng@2022-12-31/source,41(3)(a),21,the amount of personal data collected,What should AfyaPlus staff in Kenya do when a system enables every registration field by default?,"At an AfyaPlus facility in Kenya, how should staff handle this: a system enables every registration field by default?",Review default collection settings so only data necessary for the specific purpose is processed.,approved,Wasaa Abdalla,2026-09-15,Reviewer confirmed in conversation that all pending cases were reviewed and approved; recorded on their explicit instruction.
access-05,282679a4e7e6fb5180757be17cf5f1eabfe62f88811ebc1012f3fa3411379a8e,https://new.kenyalaw.org/akn/ke/act/2019/24/eng@2022-12-31/source,41(3)(b),21,the extent of its processing,What should AfyaPlus staff in Kenya do when a system enables broad secondary processing by default?,"At an AfyaPlus facility in Kenya, how should staff handle this: a system enables broad secondary processing by default?",Limit default processing to what is necessary for each specified purpose.,approved,Wasaa Abdalla,2026-09-15,Reviewer confirmed in conversation that all pending cases were reviewed and approved; recorded on their explicit instruction.
access-06,29387cb223c2e3edd29d92c4c109114cb759f5f1a89536b2148332fd678277ce,https://new.kenyalaw.org/akn/ke/act/2019/24/eng@2022-12-31/source,41(3)(c),21,the period of its storage,What should AfyaPlus staff in Kenya do when a system has no default retention setting?,"At an AfyaPlus facility in Kenya, how should staff handle this: a system has no default retention setting?",Have the data owner configure purpose-appropriate storage periods within the approved retention process.,approved,Wasaa Abdalla,2026-09-15,Reviewer confirmed in conversation that all pending cases were reviewed and approved; recorded on their explicit instruction.
access-07,7157a63263db1b8518e29383e7c7a663c0ea63e78ac5f2a0fd7afeeedc8b79fc,https://new.kenyalaw.org/akn/ke/act/2019/24/eng@2022-12-31/source,41(3)(d),21,its accessibility,What should AfyaPlus staff in Kenya do when a patient-data system grants broad access by default?,"At an AfyaPlus facility in Kenya, how should staff handle this: a patient-data system grants broad access by default?",Have the access owner limit default accessibility to what is necessary for the specified processing purpose.,approved,Wasaa Abdalla,2026-09-15,Reviewer confirmed in conversation that all pending cases were reviewed and approved; recorded on their explicit instruction.
access-08,b5f349d421bfd382341fa805075cbb447c2640561f55265236820793f21013b9,https://new.kenyalaw.org/akn/ke/act/2019/24/eng@2022-12-31/source,41(4)(a),21,identify reasonably foreseeable internal and external risks,What should AfyaPlus staff in Kenya do when a system access review begins?,"At an AfyaPlus facility in Kenya, how should staff handle this: a system access review begins?",Identify reasonably foreseeable internal and external risks to the patient information under the facility's control.,approved,Wasaa Abdalla,2026-09-15,Reviewer confirmed in conversation that all pending cases were reviewed and approved; recorded on their explicit instruction.
access-09,78ea68646c81de238ab7e8a9fcbc91106470431d6efd588c573beb22c66354dd,https://new.kenyalaw.org/akn/ke/act/2019/24/eng@2022-12-31/source,41(4)(b),21,establish and maintain appropriate safeguards,What should AfyaPlus staff in Kenya do when a security review identifies a patient-data risk?,"At an AfyaPlus facility in Kenya, how should staff handle this: a security review identifies a patient-data risk?",Have the responsible team establish and maintain safeguards proportionate to the identified risk.,approved,Wasaa Abdalla,2026-09-15,Reviewer confirmed in conversation that all pending cases were reviewed and approved; recorded on their explicit instruction.
access-10,877c2150afd2a8b8d3773667ad9798d29534430785a77890baf324ebaa73d07d,https://new.kenyalaw.org/akn/ke/act/2019/24/eng@2022-12-31/source,41(4)(c),21,pseudonymisation and encryption of personal data,What should AfyaPlus staff in Kenya do when a team chooses safeguards for patient information?,"At an AfyaPlus facility in Kenya, how should staff handle this: a team chooses safeguards for patient information?",Consider pseudonymisation and encryption as part of the responsible team's security assessment; do not claim they remove every risk.,approved,Wasaa Abdalla,2026-09-15,Reviewer confirmed in conversation that all pending cases were reviewed and approved; recorded on their explicit instruction.
access-11,ca0b4b692f2460044c5203f6c0d93d4282e51182abcc45d0c7da4fa27c865c39,https://new.kenyalaw.org/akn/ke/act/2019/24/eng@2022-12-31/source,41(4)(d),21,restore the availability and access to personal data,What should AfyaPlus staff in Kenya do when a technical incident interrupts record access?,"At an AfyaPlus facility in Kenya, how should staff handle this: a technical incident interrupts record access?",Escalate to the recovery team to restore availability and access in a timely manner under the approved recovery process.,approved,Wasaa Abdalla,2026-09-15,Reviewer confirmed in conversation that all pending cases were reviewed and approved; recorded on their explicit instruction.
access-12,c99ecd57dc166498437282b0f05b4b5bc344d9734f29595d6bf777354e0bfef0,https://new.kenyalaw.org/akn/ke/act/2019/24/eng@2022-12-31/source,41(4)(e),21,verify that the safeguards are effectively implemented,What should AfyaPlus staff in Kenya do when a security control has been documented but not checked?,"At an AfyaPlus facility in Kenya, how should staff handle this: a security control has been documented but not checked?",Verify that the safeguards are actually implemented effectively rather than relying only on a written policy.,approved,Wasaa Abdalla,2026-09-15,Reviewer confirmed in conversation that all pending cases were reviewed and approved; recorded on their explicit instruction.
access-13,8584389acc23f3377cf329f93cee56c2e7af7ea7ed396ec86794f9b328ab5f83,https://new.kenyalaw.org/akn/ke/act/2019/24/eng@2022-12-31/source,41(4)(f),21,continually updated in response to new risks,What should AfyaPlus staff in Kenya do when a new weakness affects a patient-data system?,"At an AfyaPlus facility in Kenya, how should staff handle this: a new weakness affects a patient-data system?",Refer the weakness for assessment and update safeguards in response to the new risk or deficiency.,approved,Wasaa Abdalla,2026-09-15,Reviewer confirmed in conversation that all pending cases were reviewed and approved; recorded on their explicit instruction.
access-14,4f1ea038821dc49520eca0ade1b1c7a176f723ff2cf44047e4ebd132962b5d36,https://new.kenyalaw.org/akn/ke/act/2019/24/eng@2022-12-31/source,42(1)(a),21,the state of technological development available,What should AfyaPlus staff in Kenya do when a team selects network security measures?,"At an AfyaPlus facility in Kenya, how should staff handle this: a team selects network security measures?",Have the responsible team consider available technology when selecting appropriate security measures.,approved,Wasaa Abdalla,2026-09-15,Reviewer confirmed in conversation that all pending cases were reviewed and approved; recorded on their explicit instruction.
access-15,531156ade8c142fa5ec94d0babce3d7e54f6b6826d0e8cf79d86c02d02ed43a4,https://new.kenyalaw.org/akn/ke/act/2019/24/eng@2022-12-31/source,42(1)(b),21,the cost of implementing any of the security measures,What should AfyaPlus staff in Kenya do when a team compares security implementation options?,"At an AfyaPlus facility in Kenya, how should staff handle this: a team compares security implementation options?",Include implementation cost in the security assessment alongside data sensitivity and processing risks; cost alone does not determine suitability.,approved,Wasaa Abdalla,2026-09-15,Reviewer confirmed in conversation that all pending cases were reviewed and approved; recorded on their explicit instruction.
access-16,e9a2071c01767037afd0dc2c311630669739a5ad53599dbc96e27b5af7dc1e5a,https://new.kenyalaw.org/akn/ke/act/2019/24/eng@2022-12-31/source,42(1)(c),21,the special risks that exist in the processing,What should AfyaPlus staff in Kenya do when a data-transfer workflow is assessed for security?,"At an AfyaPlus facility in Kenya, how should staff handle this: a data-transfer workflow is assessed for security?",Assess the specific risks of the processing when choosing organizational and technical measures.,approved,Wasaa Abdalla,2026-09-15,Reviewer confirmed in conversation that all pending cases were reviewed and approved; recorded on their explicit instruction.
access-17,c8c10429377e0b6347fcb907ab25478d70ff48a589bcb3c7bcf27f0a3927318a,https://new.kenyalaw.org/akn/ke/act/2019/24/eng@2022-12-31/source,42(1)(d),21,the nature of the data being processed,What should AfyaPlus staff in Kenya do when a generic security configuration is proposed for health records?,"At an AfyaPlus facility in Kenya, how should staff handle this: a generic security configuration is proposed for health records?",Consider the nature of the patient data rather than assuming a generic configuration is suitable.,approved,Wasaa Abdalla,2026-09-15,Reviewer confirmed in conversation that all pending cases were reviewed and approved; recorded on their explicit instruction.
access-18,bc42582ae6d8108832629dc93e739fcf63d97468d6dddfbe9860a2e172dcfefa,https://new.kenyalaw.org/akn/ke/act/2019/24/eng@2022-12-31/source,42(2)(a),21,processor who provides sufficient guarantees,What should AfyaPlus staff in Kenya do when a vendor is proposed to process patient information?,"At an AfyaPlus facility in Kenya, how should staff handle this: a vendor is proposed to process patient information?",Have the controller assess whether the processor provides sufficient organizational safeguards before engagement.,approved,Wasaa Abdalla,2026-09-15,Reviewer confirmed in conversation that all pending cases were reviewed and approved; recorded on their explicit instruction.
access-19,dc6b6681a1ade222d2473d4a5908a6dd30acda8dbb22d55ed7489cefd8e2b4a1,https://new.kenyalaw.org/akn/ke/act/2019/24/eng@2022-12-31/source,42(2)(b),21,the data controller and the data processor shall enter into a written contract,What should AfyaPlus staff in Kenya do when a vendor asks to start processing without written terms?,"At an AfyaPlus facility in Kenya, how should staff handle this: a vendor asks to start processing without written terms?",Refer the engagement for a written controller-processor contract that limits processing to the controller's instructions and obligations.,approved,Wasaa Abdalla,2026-09-15,Reviewer confirmed in conversation that all pending cases were reviewed and approved; recorded on their explicit instruction.
access-20,669c24d22146f78070ae476133cc67ba1aa6093a6423b3a90d8bffd8a9b281b2,https://new.kenyalaw.org/akn/ke/act/2019/24/eng@2022-12-31/source,42(3),21,processes personal data other than as instructed,What should AfyaPlus staff in Kenya do when a processor proposes using patient data outside instructions?,"At an AfyaPlus facility in Kenya, how should staff handle this: a processor proposes using patient data outside instructions?",Stop and escalate the proposed deviation to the controller; the Act changes the processor's role for processing beyond instructions.,approved,Wasaa Abdalla,2026-09-15,Reviewer confirmed in conversation that all pending cases were reviewed and approved; recorded on their explicit instruction.
access-21,ab6473a09fb38cb745936796ead2b1f801a424b7adcf1f136b9a18ef6defa416,https://new.kenyalaw.org/akn/ke/act/2019/24/eng@2022-12-31/source,42(4),21,any person employed by or acting under the authority,What should AfyaPlus staff in Kenya do when a contractor handles patient information?,"At an AfyaPlus facility in Kenya, how should staff handle this: a contractor handles patient information?",Ensure people acting under the controller's or processor's authority follow the relevant security measures.,approved,Wasaa Abdalla,2026-09-15,Reviewer confirmed in conversation that all pending cases were reviewed and approved; recorded on their explicit instruction.
access-22,71ecfe7815d459e8d43dc9bf91ea91c893f78883f03e77f7178048e9e99d070d,https://new.kenyalaw.org/akn/ke/act/ln/2021/263/eng@2022-12-31/source,9(1)(a),9,the purposes of the processing,What should AfyaPlus staff in Kenya do when a patient-access request asks why records are processed?,"At an AfyaPlus facility in Kenya, how should staff handle this: a patient-access request asks why records are processed?",Include the processing purposes in the response prepared by the responsible data-access team.,approved,Wasaa Abdalla,2026-09-15,Reviewer confirmed in conversation that all pending cases were reviewed and approved; recorded on their explicit instruction.
access-23,175ff3559f56b50c4baedac9e71f82a318282c62f9774ecbec31f6d2756cfe2e,https://new.kenyalaw.org/akn/ke/act/ln/2021/263/eng@2022-12-31/source,9(1)(b),9,the categories of personal data concerned,What should AfyaPlus staff in Kenya do when a patient-access request asks which data categories are held?,"At an AfyaPlus facility in Kenya, how should staff handle this: a patient-access request asks which data categories are held?",Have the responsible team provide the categories of personal information concerned.,approved,Wasaa Abdalla,2026-09-15,Reviewer confirmed in conversation that all pending cases were reviewed and approved; recorded on their explicit instruction.
access-24,ba17001878c0e1016fb108b335f0c0cb1ff4034cec7f1b5a54e86868519b1bd0,https://new.kenyalaw.org/akn/ke/act/ln/2021/263/eng@2022-12-31/source,9(1)(c),9,the recipients or categories of recipient,What should AfyaPlus staff in Kenya do when a patient asks who receives their information?,"At an AfyaPlus facility in Kenya, how should staff handle this: a patient asks who receives their information?","Have the responsible team identify recipients or recipient categories, including those in other countries or territories.",approved,Wasaa Abdalla,2026-09-15,Reviewer confirmed in conversation that all pending cases were reviewed and approved; recorded on their explicit instruction.
access-25,9e1314a6cf5c7a2f05b5970f44493d5ed17f313a1b72be5614d1c0ebc928a1b9,https://new.kenyalaw.org/akn/ke/act/ln/2021/263/eng@2022-12-31/source,9(1)(d),9,the envisaged period for which the personal data may be stored,What should AfyaPlus staff in Kenya do when a patient asks how long their information is retained?,"At an AfyaPlus facility in Kenya, how should staff handle this: a patient asks how long their information is retained?","Provide the envisaged storage period where possible, or the criteria used to determine it, through the responsible data team.",approved,Wasaa Abdalla,2026-09-15,Reviewer confirmed in conversation that all pending cases were reviewed and approved; recorded on their explicit instruction.
escalation-01,9751388f94897fd68acd06731e74352fea170f5124ff84c59ca74bc26400a172,https://new.kenyalaw.org/akn/ke/act/2017/21/eng@2026-07-10/source,7(1),11,Every person has the right to emergency medical treatment,What should AfyaPlus staff in Kenya do when a person needs emergency help at the facility?,"At an AfyaPlus facility in Kenya, how should staff handle this: a person needs emergency help at the facility?",Alert the qualified emergency-care team promptly and facilitate access to emergency treatment; administrative staff must not diagnose or assign clinical priority.,approved,Wasaa Abdalla,2026-09-15,Reviewer confirmed in conversation that all pending cases were reviewed and approved; recorded on their explicit instruction.
escalation-02,d6bb22e961181a52d23dfc363031a0cc19d662d3b3f7ce3e3795e69526577fb8,https://new.kenyalaw.org/akn/ke/act/2017/21/eng@2026-07-10/source,7(2)(c),11,arranging for referral in cases where the health provider,What should AfyaPlus staff in Kenya do when the first provider lacks capacity to stabilize a patient?,"At an AfyaPlus facility in Kenya, how should staff handle this: the first provider lacks capacity to stabilize a patient?",Escalate to the healthcare provider to arrange the necessary referral; administrative staff support coordination and do not decide clinical suitability.,approved,Wasaa Abdalla,2026-09-15,Reviewer confirmed in conversation that all pending cases were reviewed and approved; recorded on their explicit instruction.
escalation-03,cc49415bfbd4f09c8b8ae6cbef3cc703d5bfc0584fd3c04ead3dd9982048e899,https://new.kenyalaw.org/akn/ke/act/2017/21/eng@2026-07-10/source,9(1)(d),11,the patient is being treated in an emergency situation,What should AfyaPlus staff in Kenya do when staff are uncertain about consent paperwork during an emergency?,"At an AfyaPlus facility in Kenya, how should staff handle this: staff are uncertain about consent paperwork during an emergency?",Escalate the consent question immediately to the treating healthcare provider; reception must not independently delay emergency care or decide a consent exception.,approved,Wasaa Abdalla,2026-09-15,Reviewer confirmed in conversation that all pending cases were reviewed and approved; recorded on their explicit instruction.
escalation-04,8b2821b4f0bfe9a0be483720865bc4b75de9e05b300a8877e267898fb71baa8d,https://new.kenyalaw.org/akn/ke/act/2017/21/eng@2026-07-10/source,12(2)(a),13,within their scope of practice and ability,What should AfyaPlus staff in Kenya do when a receptionist is asked to make a clinical decision?,"At an AfyaPlus facility in Kenya, how should staff handle this: a receptionist is asked to make a clinical decision?",Refer the decision to an appropriately qualified healthcare provider and remain within the administrative role.,approved,Wasaa Abdalla,2026-09-15,Reviewer confirmed in conversation that all pending cases were reviewed and approved; recorded on their explicit instruction.
escalation-05,96eaf37565d5dc17001ac799137b47cb1479ac47e1d6fa3d8b71e95c1c5fcce0,https://new.kenyalaw.org/akn/ke/act/2017/21/eng@2026-07-10/source,14(1),13,right to file a complaint about the manner,What should AfyaPlus staff in Kenya do when a patient wants to complain about treatment at the facility?,"At an AfyaPlus facility in Kenya, how should staff handle this: a patient wants to complain about treatment at the facility?",Explain the facility's complaint route and facilitate appropriate investigation rather than dismissing the complaint.,approved,Wasaa Abdalla,2026-09-15,Reviewer confirmed in conversation that all pending cases were reviewed and approved; recorded on their explicit instruction.
escalation-06,938c312604909bc3017642e037939902ef6a861fc6e4e9e4447761222217d099,https://new.kenyalaw.org/akn/ke/act/2017/21/eng@2026-07-10/source,14(2),13,establish and publish the procedure for the laying of complaints,What should AfyaPlus staff in Kenya do when staff cannot locate the applicable complaints procedure?,"At an AfyaPlus facility in Kenya, how should staff handle this: staff cannot locate the applicable complaints procedure?",Obtain the published national or county complaints procedure applicable to the facility through its responsible management team.,approved,Wasaa Abdalla,2026-09-15,Reviewer confirmed in conversation that all pending cases were reviewed and approved; recorded on their explicit instruction.
escalation-07,b23e6fb68787844916898e55dd5d1d28de7055284392eeede11e8c2b569c6837,https://new.kenyalaw.org/akn/ke/act/2017/21/eng@2026-07-10/source,14(3)(a),13,be displayed by all health facilities,What should AfyaPlus staff in Kenya do when a patient cannot find complaint instructions?,"At an AfyaPlus facility in Kenya, how should staff handle this: a patient cannot find complaint instructions?",Ensure the complaints procedure is visibly displayed and communicated to service users.,approved,Wasaa Abdalla,2026-09-15,Reviewer confirmed in conversation that all pending cases were reviewed and approved; recorded on their explicit instruction.
escalation-08,e0d964a1c40afde23e0bb99e0fc6b367b6ba00cae65a3b11d28908ed61c31b6c,https://new.kenyalaw.org/akn/ke/act/2017/21/eng@2026-07-10/source,14(3)(b),13,primarily handled by the head of the relevant facility,What should AfyaPlus staff in Kenya do when a complaint reaches reception?,"At an AfyaPlus facility in Kenya, how should staff handle this: a complaint reaches reception?",Route the complaint to the facility head or the person designated to handle user complaints.,approved,Wasaa Abdalla,2026-09-15,Reviewer confirmed in conversation that all pending cases were reviewed and approved; recorded on their explicit instruction.
escalation-09,a9b44866c8e90a167e9294452e18f1fd57ce8514dc3b29b0b882782f836bff5f,https://new.kenyalaw.org/akn/ke/act/2017/21/eng@2026-07-10/source,14(4),13,within a period of three months from the date,What should AfyaPlus staff in Kenya do when a complainant asks when a written outcome is due?,"At an AfyaPlus facility in Kenya, how should staff handle this: a complainant asks when a written outcome is due?",Route the complaint for the statutory written update within three months of lodging; do not promise a shorter unapproved deadline.,approved,Wasaa Abdalla,2026-09-15,Reviewer confirmed in conversation that all pending cases were reviewed and approved; recorded on their explicit instruction.
escalation-10,91705e88dffcb9e7c80eaca1d21501f716f310dd46bf1ab22290e56aa2feffd4,https://new.kenyalaw.org/akn/ke/act/2019/24/eng@2022-12-31/source,43(1)(a),22,notify the Data Commissioner without delay,What should AfyaPlus staff in Kenya do when a suspected harmful unauthorized disclosure is discovered?,"At an AfyaPlus facility in Kenya, how should staff handle this: a suspected harmful unauthorized disclosure is discovered?",Escalate promptly to the controller's incident team to assess notification to the Data Commissioner without delay and within seventy-two hours of awareness when the statutory threshold applies.,approved,Wasaa Abdalla,2026-09-15,Reviewer confirmed in conversation that all pending cases were reviewed and approved; recorded on their explicit instruction.
escalation-11,117c892d60c9b0e01cb55a2df5ed282d05a7d92967dd724f766b1261e3036e23,https://new.kenyalaw.org/akn/ke/act/2019/24/eng@2022-12-31/source,43(1)(b),22,communicate to the data subject in writing,What should AfyaPlus staff in Kenya do when a harmful breach may require informing affected patients?,"At an AfyaPlus facility in Kenya, how should staff handle this: a harmful breach may require informing affected patients?","Have the controller assess written communication to affected patients within a reasonably practical period, including the statutory exceptions.",approved,Wasaa Abdalla,2026-09-15,Reviewer confirmed in conversation that all pending cases were reviewed and approved; recorded on their explicit instruction.
escalation-12,8b25fdeeaf1c84feb1521f088a7b4faebbf5b2987492cdb9730821339ff47220,https://new.kenyalaw.org/akn/ke/act/2019/24/eng@2022-12-31/source,43(2),22,the notification shall be accompanied by reasons for the delay,What should AfyaPlus staff in Kenya do when a required breach notification is late?,"At an AfyaPlus facility in Kenya, how should staff handle this: a required breach notification is late?",Escalate the late notification to the responsible controller and include reasons for the delay in the notification.,approved,Wasaa Abdalla,2026-09-15,Reviewer confirmed in conversation that all pending cases were reviewed and approved; recorded on their explicit instruction.
escalation-13,c61ac86d3c1b82dbffa18ebdb57d3bd4d7f9f26a2b0f1ac9d333f9ad5d2a0493,https://new.kenyalaw.org/akn/ke/act/2019/24/eng@2022-12-31/source,43(3),22,within forty-eight hours of becoming aware,What should AfyaPlus staff in Kenya do when a processor discovers a patient-data breach?,"At an AfyaPlus facility in Kenya, how should staff handle this: a processor discovers a patient-data breach?","Escalate for notification to the controller without delay and, where reasonably practicable, within forty-eight hours of awareness.",approved,Wasaa Abdalla,2026-09-15,Reviewer confirmed in conversation that all pending cases were reviewed and approved; recorded on their explicit instruction.
escalation-14,9a0dea2679837e41203f1d6dfdf6846e3aec5da1027b81cad90060615b0d4b78,https://new.kenyalaw.org/akn/ke/act/2019/24/eng@2022-12-31/source,43(5)(a),22,description of the nature of the data breach,What should AfyaPlus staff in Kenya do when a breach communication is being prepared?,"At an AfyaPlus facility in Kenya, how should staff handle this: a breach communication is being prepared?",Include a description of the nature of the breach in the communication prepared by the responsible incident team.,approved,Wasaa Abdalla,2026-09-15,Reviewer confirmed in conversation that all pending cases were reviewed and approved; recorded on their explicit instruction.
escalation-15,ed5c79652f52984f6ffd607c7ff739ba366ec22b6dfdc7b08dc9bf9a0814e34a,https://new.kenyalaw.org/akn/ke/act/2019/24/eng@2022-12-31/source,43(5)(b),22,intends to take or has taken to address the data breach,What should AfyaPlus staff in Kenya do when a breach communication omits response measures?,"At an AfyaPlus facility in Kenya, how should staff handle this: a breach communication omits response measures?",Include the measures already taken or intended to address the breach.,approved,Wasaa Abdalla,2026-09-15,Reviewer confirmed in conversation that all pending cases were reviewed and approved; recorded on their explicit instruction.
escalation-16,1ba6bc68b9305d8edc9f2501d58048b947f0b77de5887d787cf0529a4842a4b1,https://new.kenyalaw.org/akn/ke/act/2019/24/eng@2022-12-31/source,43(5)(c),22,mitigate the adverse effects of the security compromise,What should AfyaPlus staff in Kenya do when a breach communication needs patient-protection information?,"At an AfyaPlus facility in Kenya, how should staff handle this: a breach communication needs patient-protection information?",Have the responsible team include recommended protective measures appropriate to the security compromise.,approved,Wasaa Abdalla,2026-09-15,Reviewer confirmed in conversation that all pending cases were reviewed and approved; recorded on their explicit instruction.
escalation-17,e9f6d84ea15d6b95c23653072a61ba95a9bef03cdad36a4c13587f0f53076698,https://new.kenyalaw.org/akn/ke/act/2019/24/eng@2022-12-31/source,43(5)(d),22,the identity of the unauthorised person,What should AfyaPlus staff in Kenya do when a breach investigation identifies an unauthorized recipient?,"At an AfyaPlus facility in Kenya, how should staff handle this: a breach investigation identifies an unauthorized recipient?","Where applicable, include the unauthorized recipient's identity in the communication prepared by the responsible incident team.",approved,Wasaa Abdalla,2026-09-15,Reviewer confirmed in conversation that all pending cases were reviewed and approved; recorded on their explicit instruction.
escalation-18,69de9fdf76e662e5f7a39570c8201a433314f5d3631b4554b0dcc08bb079ec9f,https://new.kenyalaw.org/akn/ke/act/2019/24/eng@2022-12-31/source,43(5)(e),22,name and contact details of the data protection officer,What should AfyaPlus staff in Kenya do when a breach notice lacks a contact for questions?,"At an AfyaPlus facility in Kenya, how should staff handle this: a breach notice lacks a contact for questions?","Include the data protection officer's details where applicable, or another contact point for further information.",approved,Wasaa Abdalla,2026-09-15,Reviewer confirmed in conversation that all pending cases were reviewed and approved; recorded on their explicit instruction.
escalation-19,93c83b0887a6dfa4dc6f7edcd33929bb627e60d83fb379ca456c8ea2d69ae124,https://new.kenyalaw.org/akn/ke/act/2019/24/eng@2022-12-31/source,43(7),22,the information may be provided in phases,What should AfyaPlus staff in Kenya do when a breach investigation has incomplete information?,"At an AfyaPlus facility in Kenya, how should staff handle this: a breach investigation has incomplete information?",Have the responsible team provide information in phases without undue delay when it cannot all be provided at once.,approved,Wasaa Abdalla,2026-09-15,Reviewer confirmed in conversation that all pending cases were reviewed and approved; recorded on their explicit instruction.
escalation-20,07b040766bd6b2bf3ee0866f06c29fc21b5c4f397a927bf73e1e6dbfae0e3e4e,https://new.kenyalaw.org/akn/ke/act/2019/24/eng@2022-12-31/source,43(8)(a),22,the facts relating to the breach,What should AfyaPlus staff in Kenya do when an incident is being documented?,"At an AfyaPlus facility in Kenya, how should staff handle this: an incident is being documented?",Record the facts relating to the breach in the controller's incident record.,approved,Wasaa Abdalla,2026-09-15,Reviewer confirmed in conversation that all pending cases were reviewed and approved; recorded on their explicit instruction.
escalation-21,157f43988f1b17abfaa30c508e2086068a4659432020e5aed4525a8f9c02003c,https://new.kenyalaw.org/akn/ke/act/2019/24/eng@2022-12-31/source,43(8)(b),22,its effects,What should AfyaPlus staff in Kenya do when a breach record omits the impact?,"At an AfyaPlus facility in Kenya, how should staff handle this: a breach record omits the impact?",Record the effects of the breach as part of the controller's incident documentation.,approved,Wasaa Abdalla,2026-09-15,Reviewer confirmed in conversation that all pending cases were reviewed and approved; recorded on their explicit instruction.
escalation-22,977f964ef3046226316e4c219f46a94397f269d21142f932626a969adc835bf5,https://new.kenyalaw.org/akn/ke/act/2019/24/eng@2022-12-31/source,43(8)(c),22,the remedial action taken,What should AfyaPlus staff in Kenya do when a resolved incident lacks a corrective-action record?,"At an AfyaPlus facility in Kenya, how should staff handle this: a resolved incident lacks a corrective-action record?",Record the remedial action taken as part of the controller's breach documentation.,approved,Wasaa Abdalla,2026-09-15,Reviewer confirmed in conversation that all pending cases were reviewed and approved; recorded on their explicit instruction.
escalation-23,654bb7fdd2d410610d6150f73c81192ee1092066ae8304f6d29d55637e909fe0,https://new.kenyalaw.org/akn/ke/act/ln/2021/263/eng@2022-12-31/source,13(2)(a),11,a person exercising the right is appropriately identified,What should AfyaPlus staff in Kenya do when an unidentified person requests a child's data?,"At an AfyaPlus facility in Kenya, how should staff handle this: an unidentified person requests a child's data?",Route the request for appropriate identification of the person exercising the child's rights before disclosing data.,approved,Wasaa Abdalla,2026-09-15,Reviewer confirmed in conversation that all pending cases were reviewed and approved; recorded on their explicit instruction.
escalation-24,11cc38d7d09310858ed2c4bfaaef4a4e8154c24be807c2545e69a46f8d8b3e6e,https://new.kenyalaw.org/akn/ke/act/ln/2021/263/eng@2022-12-31/source,13(2)(b),11,profiling of a child that is related to direct marketing is prohibited,What should AfyaPlus staff in Kenya do when a proposal profiles children for promotional messaging?,"At an AfyaPlus facility in Kenya, how should staff handle this: a proposal profiles children for promotional messaging?",Escalate and reject the proposed child profiling for direct marketing.,approved,Wasaa Abdalla,2026-09-15,Reviewer confirmed in conversation that all pending cases were reviewed and approved; recorded on their explicit instruction.
escalation-25,cbb53138b4a48ffecb0b02e5ab87d047e1c759b3b0fc85914b7c9fd69f836cfd,https://new.kenyalaw.org/akn/ke/act/ln/2021/263/eng@2022-12-31/source,13(3),11,uncertain as to the existence of a relationship,What should AfyaPlus staff in Kenya do when a representative's authority to exercise data rights is unclear?,"At an AfyaPlus facility in Kenya, how should staff handle this: a representative's authority to exercise data rights is unclear?",Refer the request for verification; the responsible team may restrict it until evidence of the relationship is provided.,approved,Wasaa Abdalla,2026-09-15,Reviewer confirmed in conversation that all pending cases were reviewed and approved; recorded on their explicit instruction.
